Company,Ceo,Parent Company,Net Worth Requirement,Liquid Cash Requirement,Initial Franchise Fee
Jimmy John's Sandwiches,James North,Jimmy John's LLC,"$300,000 ","$80,000 ","$35,000 "
Hampton by Hilton,Christopher Nassetta,Hilton Worldwide,,,"$75,000 "
Supercuts,Dan Hanrahan,Regis,"$500,000 ","$150,000 ","$29,500 "
Servpro,Sue Steen,Servpro Industries Inc.,,"$105,000 ","$46,000 "
Subway,Suzanne Greco,Doctor's Associates,"$80,000 - $310,000","$30,000 - $90,000","$15,000 "
McDonald's,Steve Easterbrook,McDonald's,,"$500,000 ","$45,000 "
7-Eleven Inc.,Joseph DePinto,"Seven & i Holdings Co., Ltd.","$100,000 - $250,000","$50,000 - $150,000","$50,000 "
Dunkin' Donuts,Nigel Travis,Dunkin' Brands,"$250,000 ","$125,000 ","$70,000 "
Denny's Inc.,John Miller,Denny's Inc.,"$1,000,000 ","$500,000 ","$40,000 "
Anytime Fitness,Chuck Runyon,Self Esteem Brands,"$300,000 ","$100,000 ","$21,000 "
Pizza Hut LLC,Artie Starrs,Yum! Brands Inc.,"$700,000 ","$350,000 ","$25,000 "
Hardee's,Andrew Puzder,CKE Restaurants Holdings Inc.,"$1,000,000 ","$300,000 ","$30,000 "
Jack in the Box,Lenny Comma,Jack in the Box,"$1,500,000 ","$750,000 ","$50,000 "
Ace Hardware Corp.,John Venhuizen,Ace Hardware Corp.,"$400,000 ","$250,000 ","$5,000 "
GNC Franchising,Bob Moran,General Nutrition Inc.,"$100,000 ","$100,000 ","$40,000 "
Sport Clips,Gordon Logan,,"$400,000 ","$200,000 ","$25,000 "
The UPS Store,Tim Davis,,"$150,000 ","$60,000 - $100,000","$29,950 "
Taco Bell,Brian Niccol,Yum! Brands Inc.,"$1,500,000 ","$750,000 ","$45,000 "
Papa Murphy's,Ken Calwell,,"$275,000 ","$80,000 ","$25,000 "
Aaron's,John Robinson,Aaron's Inc,"$550,000 ","$450,000 ","$15,000 "
RE/MAX LLC,Dave Liniger,RE/MAX LLC,,"$35,000 ","$15,000 "
Snap-on Tools,Nick Pinchuk,Snap-on Inc.,"$30,000 ","$33,019 - $50,183","$7,500 "
Jiffy Lube Int'l. Inc.,Steve Ledbetter,Shell Oil Co.,"$450,000 ","$150,000 ",
Jan-Pro Franchising Int'l. Inc.,Eddie Curry,Premium Franchise Brands LLC,"$1,000 - $14,000","$1,000 ","$2,520 "
Cruise Planners,Michelle Fee,,"$10,495 ","$10,495 ",$495 
Vanguard Cleaning Systems,Raymond Lee,,"$50,000 - $250,000","$7,000 - $45,000","$9,630 "
Sonic Drive-In Restaurants,Cliff Hudson,Sonic Corp.,"$1,000,000 - $2,000,000","$500,000 - $2,000,000","$45,000 "
Great Clips,Rhoda Olsen,,"$300,000 ","$50,000 - $150,000","$20,000 "
Baskin-Robbins,Nigel Travis,Dunkin' Brands,"$250,000 ","$125,000 ","$25,000 "
Papa John's Int'l. Inc.,John Schnatter,Papa John's Inc.,"$250,000 ","$50,000 ",
Auntie Anne's Hand-Rolled Soft Pretzels,Heather Neary,Auntie Anne's LLC,"$400,000 ","$80,000 ","$30,000 "
Days Inn,Geoff Ballotti,Wyndham Hotel Group,,,"$35,000 "
ServiceMaster Clean,Marty Wick,The ServiceMaster Co. LLC,"$24,000 - $102,380","$24,000 - $102,380","$20,000 "
Dairy Queen,John Gainor,IDQ Inc.,"$750,000 ","$400,000 ","$25,000 "
Edible Arrangements Int'l. LLC,Tariq Farid,,"$250,000 ","$80,000 ","$30,000 "
Circle K,Brian Hannasch,Alimentation Couche-Tard,"$500,000 ","$100,000 ","$25,000 "
Matco Tools,Timothy Gilmore,Fortive Corp.,"$30,000 ","$30,000 ","$6,000 "
IHG (InterContinental Hotels Group),Richard Solomons,InterContinental Hotels Group,,,"$50,000 "
Anago Cleaning Systems,David Povlitz,,"$4,590 - $32,348","$1,000 - $25,925","$4,590 "
Kumon Math & Reading Centers,Mino Tanabe,,"$150,000 ","$70,000 ","$1,000 "
KFC US LLC,Jason Marker,Yum! Brands Inc.,"$1,500,000 ","$750,000 ","$45,000 "
Chem-Dry Carpet & Upholstery Cleaning,Dan Tarantin,Harris Research Inc.,"$50,000 ","$30,000 ","$21,500 "
Massage Envy,Joe Magnacca,,"$500,000 ","$150,000 ","$45,000 "
Miracle-Ear Inc.,Heinz Ruch,Amplifon,"$75,000 ","$25,000 ","$30,000 "
Liberty Tax Service,John Hewitt,JTH Tax Inc.,"$50,000 ","$50,000 ","$40,000 "
The Maids,Colin Bishop,The Maids International Inc.,"$250,000 ","$60,000 ","$12,500 "
Budget Blinds Inc.,Shirin Behzadi,Home Franchise Concepts,"$90,000 ","$60,000 ","$19,950 "
Merry Maids,Marty Wick,The ServiceMaster Co. LLC,"$40,000 - $42,550","$30,000 ","$36,500 "
CleanNet USA Inc.,Mark Salek,,"$10,000 - $300,000","$5,000 - $100,000","$9,400 "
Meineke Car Care Centers,Jonathan Fitzpatrick,Driven Brands Inc.,"$250,000 ","$110,000 ","$32,500 "
CruiseOne/Dream Vacations,Brad Tolkin,World Travel Holdings,,,$495 
Super 8,Geoff Ballotti,Wyndham Hotel Group,,,"$25,000 "
Midas Int'l. Corp.,Erik Olsen,TBC Corp.,"$250,000 ","$75,000 ","$30,000 "
Carl's Jr. Restaurants,Andrew Puzder,CKE Restaurants Holdings Inc.,"$1,000,000 ","$300,000 ","$25,000 "
Cinnabon,Joe Guith,Focus Brands,"$400,000 ","$120,000 ","$30,000 "
Motel 6,Jim Amorosia,G6 Hospitality,"$1,750,000 ","$400,000 ","$25,000 "
Cold Stone Creamery,Stanley Ma,Kahala Franchising LLC,"$250,000 ","$100,000 ","$10,000 "
H&R Block,Bill Cobb,,,,"$2,500 "
Buffalo Wild Wings,Sally Smith,,"$1,500,000 ","$750,000 ","$40,000 "
Valvoline Instant Oil Change,Bill Wulfsohn,Ashland,"$600,000 - $1,000,000","$300,000 - $800,000","$30,000 "
Snap Fitness Inc.,Peter Taunton,Lift Brands,"$250,000 ","$75,000 ","$29,500 "
Firehouse Subs,Don Fox,Firehouse of America LLC,"$300,000 - $500,000","$90,000 - $100,000","$20,000 "
Church's Chicken,Jim Hyatt,Cajun Global LLC,"$1,500,000 ","$650,000 ","$15,000 "
Chester's,Ted W. Giles,,,,$500 
Fantastic Sams Hair Salons,Linda Chadwick,Dessange Group North America,"$250,000 - $300,000","$60,000 - $80,000","$30,000 "
Jersey Mike's Subs,Peter Cancro,Jersey Mike's Franchise Systems Inc.,"$300,000 ","$100,000 ","$18,500 "
Minuteman Press Int'l. Inc.,Robert Titus,,,"$50,000 ","$21,000 "
Home Instead Senior Care,Jeff Huber,Home Instead Inc.,,,"$55,000 "
Comfort Keepers,Sarosh Mistry,Sodexo,"$300,000 ","$100,000 ","$45,000 "
Express Employment Professionals,Robert Funk,Express Services Inc.,"$250,000 ","$50,000 ","$35,000 "
Wingstop Restaurants Inc.,Charlie Morrison,,"$400,000 ","$200,000 ","$20,000 "
Mac Tools,Brett Shaw,Stanley Black and Decker,,"$12,000 - $50,000","$3,000 "
Results! Travel,Barry Liben,Travel Leaders Group,,,
Proforma,Vera Muzzillo,Proforma Inc.,"$100,000 ","$50,000 ",
Batteries Plus Bulbs,Russ Reynolds,Freeman Spogli & Co.,"$350,000 ","$100,000 ","$37,500 "
Signarama,Ray Titus,United Franchise Group,"$49,500 ","$49,500 ","$49,500 "
Kona Ice,Tony Lamb,,,"$20,000 - $40,000","$15,000 "
Rent-A-Center,Cathy Skula,Rent-A-Center Inc.,"$500,000 ","$200,000 ","$35,000 "
Bricks 4 Kidz,Rod Whiton,Creative Learning Corp.,"$50,000 ","$30,000 ","$26,900 "
Jazzercise Inc.,Judi Sheppard Missett,,,,"$1,250 "
Marco's Pizza,John Butorac Jr.,Marco's Franchising LLC,"$350,000 ","$100,000 ","$25,000 "
Zaxby's Franchising Inc.,Zach McLeroy,"Zaxby's Franchising, Inc.","$700,000 ","$400,000 ","$35,000 "
Moe's Southwest Grill,Bruce Schroder,Focus Brands,"$1,500,000 ","$500,000 ","$30,000 "
Eye Level Learning Centers,HoChul Kang,Daekyo Korea,"$150,000 - $200,000","$75,000 - $100,000","$20,000 "
Hilton Garden Inn,Christopher Nassetta,Hilton Worldwide,,,"$75,000 "
Weed Man,Roger Mongeon,Turf Management Systems Inc.,"$60,000 ","$60,000 ","$20,000 "
FastSigns Int'l. Inc.,Catherine Monson,FastSigns,"$250,000 ","$80,000 ","$44,500 "
Hungry Howie's Pizza & Subs,Steven Jackson,Hungry Howie's Pizza & Subs Inc.,"$300,000 ","$100,000 ","$25,000 "
Culver Franchising System Inc.,Phil Keiser,,,"$350,000 - $600,000","$55,000 "
Buildingstars Int'l. Inc.,Chris Blase,,$500 ,"$1,000 ",$995 
HomeVestors of America Inc.,David Hicks,Franchise Brands LLC,"$44,000 - $347,250","$44,000 - $347,250","$18,000 "
Smoothie King,Wan Kim,,"$300,000 ","$100,000 ","$30,000 "
Orion Food Systems LLC,Steve Watkins,,"$100,000 ",,
Rita's Italian Ice,Jeffrey Moody,,"$300,000 ","$100,000 ","$30,000 "
Planet Fitness,Chris Rondeau,,"$3,000,000 ","$1,500,000 ","$20,000 "
Visiting Angels,Lawrence Meigs,,"$100,000 ","$100,000 ","$40,950 "
Molly Maid,Mike Bidwell,Molly Maid LLC,"$250,000 ","$100,000 - $150,000","$14,900 "
Pop-A-Lock Franchise System,Don Marks,SystemForward America Inc.,"$250,000 - $500,000","$30,000 - $100,000","$15,500 "
Bojangles' Restaurants Inc.,Clifton Rutledge,"Bojangles' Restaurants, Inc.","$1,000,000 ","$500,000 ","$25,000 "
Rooter-Man,Donald MacDonald,,"$25,000 ","$10,000 ","$3,975 "
Dickey's Barbecue Pit,Roland Dickey Jr.,Dickey's Barbecue Restaurants Inc.,"$300,000 ","$100,000 ","$15,000 "
Pillar To Post Home Inspectors,Dan Steward,,,"$10,000 ","$18,900 "
Sixt Franchise USA LLC,Erich Sixt,Sixt SE,"$500,000 ","$150,000 ","$25,000 "
Golden Corral Restaurants,Lance Trenary,Golden Corral Corp.,"$2,500,000 ","$500,000 ","$50,000 "
Plato's Closet,Brett Heffes,Winmark Corp.,"$250,000 ","$71,430 - $119,490","$25,000 "
Maaco Franchising Inc.,Jonathan Fitzpatrick,Driven Brands,"$300,000 ","$140,000 ","$40,000 "
CertaPro Painters Ltd.,Charlie Chase,,"$200,000 ","$75,000 ","$57,500 "
ampm,Jeff Burrell,BP West Coast Products LLC,,"$800,000 - $1,200,000","$35,000 "
Goddard Systems Inc.,Joseph Schumacher,Wind River Holdings,"$150,000 ","$150,000 ","$135,000 "
Charleys Philly Steaks,Charley Shin,Gosh Enterprises Inc.,"$300,000 ","$100,000 ","$24,500 "
Qdoba Mexican Eats,Lenny Comma,Jack in the Box Inc.,"$750,000 - $2,000,000","$500,000 ","$30,000 "
Home Helpers/Direct Link,Emma Dickison,H.H. Franchising Systems,"$250,000 ","$100,000 ","$44,900 "
Pita Pit Inc.,Jack Riggs,,"$75,000 ","$75,000 ","$25,000 "
Heaven's Best Carpet & Upholstery Cleaning,Cody Howard,M-CO Inc.,"$39,000 ","$39,000 ","$39,000 "
Pearle Vision,Alex Wilkes,Luxottica,"$300,000 ","$100,000 ","$30,000 "
Right at Home Inc.,Brian Petranick,,,"$150,000 - $240,000","$48,500 "
N-Hance,Dan Tarantin,HRI,"$70,000 ","$50,000 ","$15,000 "
Gateway Newstands,Steve Tennant,Tobmar Investments Int'l. Inc.,"$200,000 ","$75,000 ","$15,000 "
Krispy Kreme Doughnut Corp.,Tony Thompson,,,"$300,000 - $3,000,000","$12,500 "
Palm Beach Tan,Brooks Reed,,"$500,000 ","$250,000 ","$30,000 "
Cost Cutters Family Hair Care,Dan Hanrahan,Regis,"$500,000 ","$150,000 ","$29,500 "
Carvel Corp.,Scott Colwell,Focus Brands Inc.,"$400,000 ","$100,000 ","$30,000 "
Gold's Gym,Brandon Bean,,"$1,000,000 ","$400,000 ","$40,000 "
Travel Leaders,Ninan Chacko,Travel Leaders Group,,,
Orange Leaf Frozen Yogurt,Reese Travis,,"$500,000 ","$100,000 ","$15,000 "
Jet's Pizza,John Jetts,,"$1,500,000 - $2,000,000","$250,000 - $500,000","$25,000 "
American Leak Detection,Pat DeSouza,American Leak Detection Inc.,"$200,000 ","$70,000 ","$29,500 "
Great American Cookies,Chris Dull,Global Franchise Group,"$250,000 ","$100,000 ","$15,000 "
Homewood Suites by Hilton,Christopher Nassetta,Hilton,,,"$75,000 "
EmbroidMe,Ray Titus,United Franchise Group,"$49,500 ","$49,500 ","$49,500 "
Sculpture Hospitality,Dan Smith,,"$50,000 ","$30,000 ","$39,900 "
Once Upon A Child,Brett Heffes,Winmark Corp.,"$250,000 ","$76,350 - $117,660","$25,000 "
First Choice Haircutters,Dan Hanrahan,Regis,"$500,000 ","$150,000 ","$29,500 "
Rainbow Int'l. Restoration & Cleaning,Mark Welstead,The Dwyer Group,"$150,000 ","$50,000 ","$35,000 "
Primrose School Franchising Co.,Jo Kirchner,,,"$422,000 - $693,000","$70,000 "
Doubletree by Hilton,Christopher Nassetta,Hilton Worldwide,,,"$75,000 "
Weichert Real Estate Affiliates Inc.,Denise Smith,,"$150,000 ",,"$25,000 "
Knights Inn,Geoff Ballotti,Wyndham Hotel Group,,,"$7,000 "
Penn Station East Coast Subs,Jeffrey Osterfeld,Osterfeld Enterprises,"$500,000 ","$300,000 ","$25,000 "
Club Z! In-Home Tutoring Services,Mark Lucas,,"$100,000 ","$40,000 ","$19,750 "
Baymont Inn & Suites,Geoff Ballotti,Wyndham Hotel Group,,,"$26,000 "
Wienerschnitzel,Cindy Culpepper,Galardi Group,"$600,000 ","$250,000 ","$10,000 "
AAMCO Transmissions and Total Car Care,Brett Ponton,American Driveline Systems Inc.,"$250,000 ","$65,000 ","$39,500 "
Wild Birds Unlimited,Jim Carpenter,Wild Birds Unlimited Inc.,"$300,000 ","$40,000 - $50,000","$25,000 "
The HoneyBaked Ham Co. & Cafe,Paul Roth,,"$300,000 ","$100,000 ","$30,000 "
McAlister's Deli,Rick Altizer,Focus Brands,"$1,500,000 ","$750,000 ","$35,000 "
Fish Window Cleaning Services Inc.,S. Michael Merrick,,"$150,000 - $500,000","$60,000 - $150,000","$34,900 "
Real Property Management,Lukas Krause,Property Management Business Solutions LLC,,"$80,000 ","$40,000 "
Mint Condition Franchising Inc.,Jack Saumby,,,"$1,000 - $6,000","$3,000 "
Synergy HomeCare,Peter Tourian,,"$300,000 ","$50,000 ","$24,750 "
Schlotzsky's,Kelly Roddy,Focus Brands,"$500,000 ","$250,000 ","$30,000 "
Maid Brigade,Bart Puett,Maid Brigade Inc.,"$50,000 ","$50,000 ","$25,000 "
Postal Annex+,Jack Lentz,Annex Brands Inc.,"$200,000 ","$50,000 ","$29,950 "
The Joint Corp.,Peter Holt,,"$500,000 ","$250,000 ","$39,900 "
Paul Davis Restoration,Rich Wilson,Paul W. Davis Systems Inc.,"$300,000 ","$150,000 ","$75,000 "
Cellairis Franchise Inc.,Taki Skouras,JJT Holdings LLC,,,"$7,500 "
Tutor Doctor,Frank Milner,,"$75,000 - $100,000","$50,000 ","$44,700 "
Coffee News,William Buckley,,,,"$8,500 "
U.S. Lawns,Ken Hutcheson,U.S. Lawns Inc.,"$125,000 ","$40,000 ","$22,000 "
One Hour Heating & Air Conditioning,Mark Baker,Direct Energy,,"$150,000 ","$43,000 "
Cartridge World,Steve Weedon,Cw Global Holding Co. Limited,"$75,000 - $150,000","$40,000 - $50,000","$50,000 "
Two Men and a Truck Int'l. Inc.,Jeff Wesley,Two Men and a Truck/USA Inc.,"$150,000 - $350,000","$40,000 - $150,000","$15,000 "
Wetzel's Pretzels,Bill Phelps,,"$200,000 ","$50,000 ","$35,000 "
Red Roof Franchising LLC,Andrew Alexander,,,,"$27,000 "
Benjamin Franklin Plumbing,Mark Baker,Direct Energy,,"$150,000 ","$43,000 "
Realty Executives Intl. Svcs. LLC,David Tedesco,,"$10,000 - $100,000","$20,000 - $200,000","$1,000 "
Seniors Helping Seniors,Philip Yocom,,"$45,000 ","$45,000 ","$40,000 "
Pure Barre,Michelle Kluz,,"$500,000 ","$100,000 ","$46,500 "
Mathnasium Learning Centers,Peter Markovitz,,"$137,610 ","$90,750 ","$40,000 "
Window Genie,Richard Nonelle,,"$150,000 ","$50,000 ","$32,000 "
SuperGlass Windshield Repair,David Casey,,"$15,000 ","$15,000 ","$9,500 "
HealthSource Chiropractic and Progressive Rehab,Christopher Tomshack,,,,"$34,000 "
Yogurtland Franchising Inc.,Phillip Chang,,"$250,000 - $400,000","$200,000 ","$35,000 "
The Grounds Guys LLC,Chris Elmore,Dwyer Group,"$100,000 ","$40,000 ","$35,000 "
JEI Learning Centers,Sung Hoon Park,JEI Corp.,"$100,000 ","$50,000 ","$22,500 "
Microtel Inn & Suites by Wyndham,Geoff Ballotti,Wyndham Hotel Group,,,"$40,000 "
BrightStar Care,Shelly Sun,,"$500,000 ","$100,000 ","$50,000 "
Unishippers Global Logistics LLC,Dan Lockwood,REP UNI Holdings LLC,"$300,000 ","$75,000 ","$7,200 "
Togo's Franchisor LLC,Tony Gioia,,"$300,000 ","$150,000 ","$30,000 "
Country Inns & Suites By Carlson,David Berg,Carlson Hospitality Group Inc.,,,"$50,000 "
Homewatch CareGivers,Leann Reynolds,,"$350,000 ","$50,000 ","$49,000 "
Elements Massage,Jeff Jervik,WellBiz Brands Inc.,"$300,000 - $1,000,000","$150,000 - $450,000","$49,500 "
Mr. Sandless/Dr. DecknFence,Daniel Praz,,"$15,000 ","$15,000 ","$5,000 "
Interstate All Battery Center,Scott Miller,,"$500,000 ","$200,000 ","$37,500 "
Transworld Business Advisors,Bill Luce,United Franchise Group,"$44,500 ","$44,500 ","$44,500 "
AdvantaClean,Jeff Dudan,,"$175,000 - $325,000","$50,000 - $150,000","$49,000 "
Hand and Stone Massage and Facial Spa,Todd Leff,,"$500,000 ","$150,000 ","$39,000 "
MaidPro,Mark Kushinsky,,,"$20,000 ","$17,000 "
Embassy Suites by Hilton,Christopher Nassetta,Hilton Worldwide,,,"$75,000 "
9Round-30 min Kickbox Fitness,Shannon Hudson,9Round Franchising LLC,"$100,000 ","$50,000 - $100,000","$24,000 "
Colors On Parade,Jeff Cox,Total Car Franchising Corp.,"$10,000 - $500,000","$10,000 - $200,000","$5,000 "
ComForCare Home Care,Mark Armstrong,ComForCare Health Care Holdings Inc.,"$300,000 ","$75,000 ","$48,000 "
Heits Building Services,David Heitner,,"$20,000 - $50,000","$10,000 - $20,000","$59,000 "
Soccer Shots Franchising LLC,Justin Bredeman,,"$35,000 ","$20,000 ","$29,500 "
Homes & Land,Robert Hardy,NewPoint Franchisor LLC,"$150,000 ","$50,000 ","$27,000 "
ASP-America's Swimming Pool Co.,Stewart Vernon,,"$100,000 ","$50,000 ","$32,000 "
Tailored Living,Shirin Behzadi,Home Franchise Concepts,"$150,000 ","$124,950 ","$29,950 "
Huntington Learning Centers,Eileen Huntington,Huntington Learning Centers Inc.,"$150,000 ","$60,000 ","$22,000 "
Sandler Training,David Mattson,,"$200,000 - $400,000","$88,150 - $105,750","$73,000 "
Pet Supplies Plus,Chris Rowland,,"$750,000 ","$150,000 ","$49,900 "
My Gym Children's Fitness Center,Cory Bertisch,Gym Consulting Inc.,"$100,000 - $200,000","$35,000 - $65,000","$25,000 "
Gyu-Kaku Japanese BBQ Restaurant,Toshinori Hayakawa,,"$1,200,000 ","$500,000 ","$50,000 "
WIN Home Inspection,Steve Wadlington,,"$100,000 ","$25,000 ","$19,500 "
Camp Bow Wow,Christina Russell,,"$300,000 ","$80,000 ","$50,000 "
Pizza Ranch,Adrie Groeneweg,,"$273,000 - $497,500","$273,000 - $497,500","$30,000 "
Keller Williams Realty,Chris Heller,,,"$150,000 ","$35,000 "
Caring Transitions,Gary Green,,,"$40,000 ","$44,900 "
School of Rock,Dzana Homan,Sterling Partners,"$300,000 ","$100,000 ","$49,500 "
Complete Weddings + Events,Eric Maas,Complete Music Inc.,"$50,000 ","$10,000 ","$22,500 "
Ramada Worldwide,Geoff Ballotti,Wyndham Hotel Group,,,"$35,000 "
SpeedPro Imaging,Boris Katsnelson,,"$300,000 - $500,000","$100,000 ","$49,900 "
Always Best Care Senior Services,Jake Brown,,"$200,000 ","$100,000 ","$44,900 "
HappyFeet Legends Int'l.,Andy Barney,,,"$18,300 - $23,200","$15,000 "
Kitchen Tune-Up,David Haglund,KTU Worldwide Inc.,"$100,000 ","$50,000 ","$49,000 "
Freddy's Frozen Custard LLC,William Simon,,"$850,000 ","$250,000 ","$25,000 "
Oxi Fresh Franchising Co.,Jonathan Barnett,Barnett Enterprises,,,"$33,900 "
HobbyTown,Bob Wilke,HobbyTown Unlimited Inc.,"$250,000 ","$48,510 - $104,775","$20,000 "
CarePatrol Franchise Systems LLC,C.M. Bongiovanni,CarePatrol Franchise Systems LLC,"$150,000 ","$70,000 ","$49,500 "
The Senior's Choice Inc.,Steven Everhart,,"$100,000 ","$50,000 ","$29,000 "
Mr. Appliance LLC,Doug Rogers,,"$50,000 - $75,000","$50,000 - $75,000","$35,000 "
Aire Serv LLC,Steve Truett,The Dwyer Group,"$82,600 - $200,000","$45,000 - $50,000","$35,000 "
Golden Chick,Mark Parmerlee,Golden Southern Chicken Corp.,"$1,500,000 - $2,500,000","$350,000 - $500,000","$30,000 "
Line-X LLC,Dennis Weese,,"$115,000 - $250,000","$30,000 - $60,000","$15,000 "
Fleet Feet Sports,Jeff Phillips,Fleet Feet Inc.,,,"$38,000 "
Painting with a Twist,Cathy/Renee Deano/Maloney,,"$150,000 ","$50,000 ","$25,000 "
UFC Gym,Brent Leffel,,"$1,000,000 ","$350,000 ","$30,000 "
CiCi's Pizza,Darin Harris,CiCi Enterprises Inc.,"$750,000 ","$250,000 ","$7,500 "
Pinkberry Ventures Inc.,Ron Graves,,"$400,000 ","$200,000 ","$35,000 "
Money Mailer Franchise Corp.,Gary Mulloy,Money Mailer Holding Corp.,"$200,000 ","$100,000 ","$75,000 "
Cornwell Quality Tools Co.,Raymond Moeller,,,"$10,000 ","$35,000 "
Miracle Method Surface Refinishing,Chuck Pistor,Miracle Method of the United States,"$150,000 ","$85,000 - $125,000","$40,000 "
College Hunks Hauling Junk/College Hunks Moving,Omar Soliman,,"$200,000 ","$50,000 - $125,000","$40,000 "
J.D. Byrider,Steve Wedding,J.D. Byrider Systems Inc.,"$1,000,000 - $1,500,000","$1,000,000 - $1,500,000","$50,000 "
Pro Image Sports,Dave Riley,Pro Image Sports,"$250,000 ","$75,000 ","$30,000 "
Spherion Staffing,Linda Galipeau,Randstad,"$150,000 ","$100,000 ","$18,750 "
Stratus Building Solutions,Afshin Cangarlu,,"$5,000 - $40,000","$2,000 - $20,000","$2,700 "
Pirtek USA,Daniel Perry,,"$300,000 - $750,000","$100,000 - $250,000","$20,000 "
Just Between Friends Franchise Systems Inc.,Shannon Wilburn,,,"$15,000 ","$14,900 "
Padgett Business Services,Steven Rafsky,SmallBizPros Inc.,"$100,000 ","$100,000 ","$15,000 "
Express Oil Change & Tire Engineers,Ricky Brooks,,"$500,000 ","$350,000 ","$35,000 "
Certified Restoration DryCleaning Network LLC,Wayne Wudyka,,"$300,000 ","$175,000 - $225,000","$4,000 "
Retro Fitness,Eric Casaburi,,"$1,500,000 ","$300,000 ","$69,000 "
Fiesta Auto Insurance and Tax,John Rost,,"$100,000 ","$50,000 ","$10,000 "
Villa Italian Kitchen,Anthony Scotto,,"$250,000 - $300,000","$100,000 - $250,000","$25,000 "
Massage Heights,Glenn Franson,,"$400,000 ","$175,000 ","$42,000 "
Estrella Insurance,Jose Merille,,"$50,000 ","$50,000 ","$25,000 "
Pinot's Palette,Craig Ceccanti,,"$250,000 ","$50,000 ","$27,500 "
Fresh Coat,Gary Green,,,"$45,000 ","$44,900 "
Mosquito Squad,Chris Grandpre,Outdoor Living Brands,"$100,000 ","$50,000 ","$15,000 "
CMIT Solutions Inc.,Jeff Connally,,"$350,000 ","$100,000 - $150,000","$49,950 "
Checkers and Rally's Restaurants Inc.,Enrique Silva,Sentinel Capital Partners LLC,"$750,000 ","$250,000 ","$30,000 "
Engineering for Kids,Dori Roberts,,,,"$11,250 "
High Touch-High Tech,Daniel Shaw,High Touch Investment Corp.,"$125,000 ","$39,500 - $61,250","$52,500 "
Dale Carnegie Training,Joe Hart,,"$250,000 ","$50,000 - $200,000","$10,000 "
Orangetheory Fitness,David Long,Ultimate Fitness Holdings LLC,"$500,000 ","$150,000 ","$49,500 "
Expedia CruiseShipCenters,Matthew Eichhorst,Expedia Inc.,"$300,000 ","$100,000 ","$39,000 "
The Alternative Board (TAB),Jason Zickerman,,"$300,000 ","$70,000 ","$9,450 "
Kiddie Academy,Gregory Helwig,Essential Brands,"$500,000 - $1,000,000","$200,000 - $550,000","$120,000 "
Five Star Painting,Mary Kay Liston,The Dwyer Group,"$25,450 - $55,125","$25,450 - $55,125","$40,000 "
Clothes Mentor,Ronald Olson,NTY Franchise Co.,"$400,000 ","$75,000 - $80,000","$20,000 "
Captain D's LLC,Phil Greifeld,,"$1,000,000 ","$350,000 ","$35,000 "
Which Wich Superior Sandwiches,Jeff Sinelli,,"$500,000 ","$150,000 ","$30,000 "
Acti-Kare Inc.,Mark Lucas,,"$100,000 ","$40,000 ","$19,750 "
Capriotti's Sandwich Shop Inc.,Ashley Morris,,"$500,000 ","$100,000 - $300,000","$30,000 "
OpenWorks,Eric Roudi,O.P.E.N. America Inc.,"$15,200 - $120,000","$7,000 ","$15,200 "
Christian Brothers Automotive Corp.,Mark Carr,,"$200,000 ","$75,000 ","$125,000 "
TSS Photography,Jack Counts,Candid Color Systems,"$50,000 ","$25,000 ","$7,500 "
Dental Fix RX LLC,David Lopez,,"$125,000 ","$50,000 ","$30,000 "
Doc Popcorn,Rob Israel,,"$250,000 ","$80,000 ","$7,500 "
Image360,Michael Marcantonio,Alliance Franchise Brands,"$250,000 ","$50,000 ","$35,000 "
Fuzzy's Taco Shop,Chuck Bush,,"$500,000 ","$150,000 ","$35,000 "
The Cleaning Authority,Rob Weddle,,"$250,000 ","$40,000 ","$15,000 "
Wyndham Hotels and Resorts,Geoff Ballotti,Wyndham Hotel Group,,,"$50,000 "
ShelfGenie Franchise Systems LLC,Allan Young,Noble Brands,"$150,000 ","$75,000 ","$45,000 "
Spring-Green Lawn Care,Ted Hofer,Spring-Green Lawn Care Corp.,"$160,000 ","$60,000 ","$25,000 "
i9 Sports,Brian Sanders,,,"$50,000 ","$29,900 "
Rosati's Pizza,Anthony Rosati,Rosati's Franchising Inc.,"$80,000 ","$80,000 ","$25,000 "
Hilton Hotels and Resorts,Christopher Nassetta,Hilton Worldwide,,,"$75,000 "
Mighty Auto Parts,Kenneth Voelker,Grupo Gonher,"$500,000 ","$100,000 ","$15,500 "
PostNet Neighborhood Business Centers,Steven Greenbaum,PostNet Int'l. Franchise Corp.,"$350,000 ","$60,000 ","$35,000 "
Wireless Zone,Joe Johnson,Glentel USA,"$250,000 ","$175,000 ","$1,000 "
Floor Coverings Int'l.,Tom Wood,Floor Coverings Int'l.,"$200,000 ","$50,000 ","$52,500 "
Freedom Boat Club,John Giglio,,,,"$38,000 "
Brightway Insurance,David Miller,,"$250,000 ","$75,000 ","$50,000 "
Flip Flop Shops,Darin Kraetsch,,"$100,000 - $300,000","$100,000 ","$35,000 "
Sit Means Sit Dog Training,Fred Hassen,,"$50,000 ","$20,000 ","$45,000 "
Fatburger North America Inc.,Andrew Wiederhorn,Fog Cutter Capital Group Inc.,"$1,500,000 ","$500,000 ","$50,000 "
Roosters Men's Grooming Centers,Dan Hanrahan,Regis,"$500,000 ","$150,000 ","$29,500 "
Green Home Solutions,John Russell,JC Franchising Group LLC,,"$60,000 ","$20,000 "
Travelodge,Geoff Ballotti,Wyndham Hotel Group,,,"$35,000 "
American Family Care,Bruce Irwin,American Family Care,"$1,200,000 ","$550,000 ","$55,000 "
American Poolplayers Association,Terrence Bell,American Poolplayers Association Inc.,,,"$10,000 "
The Dentist's Choice,Steve Everhart,,"$100,000 ","$60,000 ","$45,000 "
Seva Beauty,Vas Maniatis,,"$350,000 ","$39,000 ","$39,000 "
Johnny Rockets,John Maguire,Sun Capital Partners,"$500,000 ","$200,000 ","$25,000 "
Mister Sparky,Mark Baker,Direct Energy,,"$100,000 ","$33,000 "
Home Care Assistance,Lily Sarafan,Home Care Assistance,"$100,000 - $200,000","$85,000 - $105,000","$32,475 "
Kilwins Chocolates Franchise Inc.,Don McCarty,,"$500,000 ","$125,000 ","$40,000 "
Ben & Jerry's,Jostein Solheim,Ben & Jerry's Homemade Inc.,"$350,000 ","$100,000 ","$16,000 "
The Glass Guru,Dan Frey,,,"$37,300 - $140,000","$17,600 "
Aire-Master of America Inc.,Douglas McCauley,Aire-Master of America Inc.,"$250,000 ","$50,000 ","$24,900 "
Property Management Inc.,Steve Hart,,"$50,000 - $500,000","$45,000 - $55,000","$15,000 "
Kid to Kid,Brent Sloan,Kid to Kid Franchise System Inc.,"$200,000 ","$75,000 ","$25,000 "
Blimpie Subs & Salads,Stanley Ma,Kahala Franchising LLC,"$250,000 ","$50,000 ","$11,900 "
Steamatic Inc.,Bill Sims,,"$200,000 ","$70,000 ","$15,000 "
Hawthorn Suites by Wyndham,Geoff Ballotti,Wyndham Hotel Group,,,"$40,000 "
Assisting Hands Home Care,Lane Kofoed,,"$200,000 ","$50,000 ","$38,500 "
Sky Zone Indoor Trampoline Park,Jeff Platt,,"$1,500,000 ","$400,000 ","$60,000 "
NrGize Lifestyle Cafe,Stanley Ma,Kahala Franchising LLC,"$250,000 ","$100,000 ","$9,500 "
Jet-Black Franchise Group,Andrew Hoiland,Jet-Black Int'l. Inc.,,"$20,000 ","$7,500 "
TacoTime,Stanley Ma,Kahala Franchising LLC,"$500,000 ","$100,000 ","$9,500 "
Dippin' Dots Franchising LLC,Michael Barrette,,"$250,000 ","$80,000 ","$15,000 "
Crunch Franchise,Ben Midgley,,"$1,000,000 ","$300,000 - $400,000","$25,000 "
Zoup! Systems LLC,Eric Ersher,,"$350,000 - $400,000","$120,000 - $150,000","$39,900 "
LearningRx,Ken Gibson,,"$37,000 - $78,000","$37,000 - $78,000","$15,000 "
Precision Tune Auto Care,Robert Falconi,"Precision Tune, Inc.","$300,000 ","$100,000 ","$25,000 "
Allegra Marketing-Print-Mail,Michael Marcantonio,Alliance Franchise Brands,"$400,000 ","$200,000 ","$25,000 "
Paul Davis Emergency Services,Rich Wilson,,"$100,000 ","$55,000 ","$39,000 "
Flower Tent,Thomas Ansilio,,"$250,000 ","$150,000 ","$20,000 "
Saladworks,Patrick Sugrue,Restaurant Co. LLC,"$1,500,000 ","$400,000 ","$30,000 "
Fetch! Pet Care,Paul Mann,,"$25,000 ","$15,000 ","$19,000 "
HUMAN Healthy Markets,Sean Kelly,,"$75,000 ","$75,000 ","$39,900 "
Color Me Mine Enterprises Inc.,Mike Mooslin,,"$200,000 ","$30,000 - $60,000","$30,000 "
Caring Senior Service,Jeff Salter,,,"$50,000 ","$35,000 "
Tilted Kilt Franchise Operating LLC,Eddie Goitia,,"$1,000,000 - $5,000,000","$500,000 - $2,000,000","$75,000 "
Lawn Doctor,Scott Frith,Lawn Doctor Inc.,"$60,000 ","$60,000 ","$30,000 "
Play It Again Sports,Brett Heffes,Winmark Corp.,"$350,000 ","$72,090 - $119,160","$25,000 "
Bin There Dump That,Mike Kernaghan,That Franchise Group,"$350,000 ","$75,000 - $180,000","$29,000 "
Brickhouse Cardio Club,Vic Sprouse,,,,"$14,900 "
RNR Tire Express & Custom Wheels,Larry Sutton,SPF Mgt. Co. LLC,"$1,000,000 - $100,000,000","$500,000 - $1,000,000","$35,000 "
Studio 6,Jim Amorosia,,"$1,750,000 ","$400,000 ","$25,000 "
PrideStaff,George Rogers,,"$350,000 ","$200,000 ","$35,000 "
GameTruck Licensing LLC,Scott Novis,,,,"$15,000 "
Precision Door Service,Brian Tindall,,"$100,000 - $500,000","$50,000 - $250,000","$10,000 "
Erbert & Gerbert's Sandwich Shops,Eric Wolfe,E & G Franchise Systems Inc.,"$300,000 ","$60,000 ","$30,000 "
Black Bear Diners Inc.,Bruce Dean,,,,"$24,000 "
Toppers Pizza,Scott Gittrich,,"$750,000 - $1,000,000","$350,000 - $500,000","$30,000 "
AdviCoach,Art Coley,,"$199,000 ","$66,000 ","$45,000 "
WoodSpring Suites,Bruce Haase,WoodSpring Suites LLC,"$3,000,000 - $6,000,000","$1,000,000 - $3,000,000","$50,000 "
Lapels,Kevin Dubois,Next Step Franchising Inc.,"$100,000 - $500,000","$80,000 - $250,000","$15,000 "
LaVida Massage,Peggy Davis,LaVida Massage Franchise Development Inc.,"$400,000 - $500,000","$100,000 ","$39,000 "
The Decor Group Inc.,Blake Smith,,,,"$11,400 "
Amazing Athletes,Janee Henderson,,"$30,000 ","$15,500 ","$25,000 "
RSVP Publications,Dave Tropf,,"$30,000 - $90,000","$30,000 - $90,000","$30,000 "
Pak Mail,Jack Lentz,DP Kelley,"$200,000 ","$50,000 ","$29,950 "
Border Magic/Boulder Designs,Butch Mogavero,Mogavero Investments LLC,"$250,000 ","$50,000 ","$25,000 "
Interior Magic Int'l.,Jeff Byerly,,,"$15,000 - $45,000","$14,900 "
Sola Salon Studios,Ben Jones,,"$1,000,000 ","$500,000 ","$39,000 "
Howard Johnson,Geoff Ballotti,Wyndham Hotel Group,,,"$35,000 "
HuHot Mongolian Grills,Andy Vap,,"$1,000,000 ","$300,000 - $500,000","$40,000 "
Apricot Lane,Ken Petersen,Country Visions Inc.,"$250,000 ","$100,000 ","$29,500 "
Wine & Design,Harriet Mills,,"$50,000 - $100,000","$30,000 - $150,000","$25,000 "
City Wide Maintenance,Jeff Oddo,,"$500,000 ","$140,000 - $200,000","$55,000 "
Precision Concrete Cutting,Aaron Ollivier,,"$150,000 ","$72,000 ","$130,000 "
Uptown Cheapskate,Scott Sloan,,"$200,000 ","$75,000 ","$25,000 "
Young Rembrandts Franchise Inc.,Bette Fetter,,"$100,000 ","$40,000 ","$34,500 "
You've Got Maids,Frank Berger,,"$120,000 ","$39,900 ","$6,999 "
Zippy Shell Self Storage and Moving,Rick Del Sontro,Zippy Shell Inc.,"$250,000 - $500,000","$250,000 - $500,000","$75,000 "
Honest-1 Auto Care LLC,Jack Keilt,H-1 Auto Care LLC,"$500,000 ","$150,000 ","$35,000 "
Furniture Medic,Marty Wick,,"$33,900 ","$33,900 ","$31,500 "
Mainstream Boutique,Marie DeNicola,,"$150,000 ","$50,000 ","$25,000 "
Outdoor Lighting Perspectives,Chris Grandpre,Outdoor Living Brands,"$100,000 ","$80,000 ","$17,500 "
Touching Hearts At Home,Renae Peterson,,"$50,000 - $75,000","$34,500 ","$34,500 "
Bahama Buck's Original Shaved Ice Co.,Blake Buchanan,,"$400,000 ","$90,000 - $200,000","$29,500 "
Closets By Design Franchising,Jerry Egner,,"$500,000 ","$300,000 ","$20,000 "
Welcomemat Services,Brian Mattingly,,"$115,000 ","$3,500 - $44,750","$44,750 "
UBuildIt,Bob Braudrick,,"$50,000 - $150,000","$50,000 - $150,000","$49,500 "
Billy Sims BBQ,Jeff Jackson,,"$250,000 ","$170,000 ","$30,000 "
Rocky Mountain Chocolate Factory,Frank Crail,Rocky Mountain Chocolate Factory Inc.,"$250,000 ","$50,000 ","$24,500 "
Children's Lighthouse Franchise Co.,Pat Brown,Children's Lighthouse Franchise Co.,"$600,000 - $950,000","$300,000 - $500,000","$70,000 "
Tint World,Charles Bonfiglio,Tint World LLC,"$150,000 - $200,000","$50,000 - $60,000","$20,000 "
Hospitality Int'l. Inc.,Bobby Guimbellot,Hospitality Int'l. Inc.,,,"$5,000 "
Sir Grout Franchising LLC,Jeffrey Gill,,"$200,000 ","$75,000 ","$49,000 "
Home2 Suites by Hilton,Christopher Nassetta,Hilton Worldwide,,,"$75,000 "
Renew Crew,Chris Grandpre,,"$75,000 ","$40,000 ","$10,000 "
Scooter's Coffee,Todd Graeve,Boundless Enterprises,"$500,000 ","$100,000 ","$40,000 "
Pronto Insurance Franchise,Jorge Barcena,Pronto Insurance,"$200,000 - $300,000","$70,000 - $100,000","$20,000 "
Ziebart,Thomas Wolfe,Ziebart International Corp.,"$250,000 ","$100,000 ","$30,000 "
The Little Gym,Ruk Adams,,"$250,000 - $300,000","$75,000 - $150,000","$24,750 "
Mr. Rooter,Doyle James,Mr. Rooter Corp.,"$200,000 ","$50,000 ","$35,000 "
Mr. Handyman Int'l. LLC,Mike Bidwell,Dwyer Group,"$250,000 ","$60,000 ","$49,900 "
Twin Peaks Restaurant,Starlette Johnson,,"$1,500,000 - $2,500,000","$500,000 - $1,000,000","$50,000 "
Restoration 1,Gary Findley,Restoration 1 Franchise Holding,"$150,000 ","$50,000 ","$47,500 "
The Woodhouse Day Spa,Jeni Garrett,,"$750,000 ","$250,000 ","$48,000 "
East Coast Wings Corp.,Sam Ballas,,"$425,000 ","$150,000 ","$40,000 "
United States Seamless Inc.,Mike Bullinger,,,"$10,000 - $20,000","$2,450 "
MassageLuXe,Todd Beckman,,"$400,000 ","$100,000 ","$38,000 "
iLoveKickboxing.com,Michael Parrella,,"$375,000 ","$50,000 ","$49,999 "
Fox's Pizza Den,James Fox,Fox's Pizza Den Inc.,"$200,000 ","$40,000 ","$10,000 "
Happy & Healthy Products Inc.,Linda Kamm,,,,"$23,000 "
Your Pie,Bucky Cook,,"$500,000 ","$150,000 ","$35,000 "
Waxing the City,Chuck Runyon,Self Esteem Brands,"$350,000 ","$120,000 ","$30,000 "
ApexNetwork Physical Therapy,Brad Pfitzner,Apex Franchise Holdings,"$125,000 ","$50,000 ","$25,000 "
GarageExperts,Mike Meursing,,"$30,000 ","$30,000 ","$15,000 "
Berlitz Language Centers,Annette Mainka,Berlitz Corp.,"$100,000 - $1,000,000","$50,000 - $400,000","$40,000 "
Fresh Healthy Cafe,Jeff Parker,,"$250,000 ","$100,000 ",$30 
Expense Reduction Analysts,Michael Nicholas,,,,"$59,900 "
Decorating Den Interiors,"James Bugg, Jr.",Decorating Den Systems Inc.,"$80,000 ","$50,000 ","$39,900 "
Tropical Smoothie Cafe,Mike Rotondo,,"$300,000 ","$125,000 ","$25,000 "
CKO Kickboxing,Joseph Andreula,,"$105,000 ","$60,000 - $90,000","$30,000 "
SeekingSitters Franchise System Inc.,David Kallweit,,,,"$39,500 "
Green Leaf's/Banana's,Anthony Scotto,Villa Restaurant Group,"$250,000 ","$100,000 - $250,000","$22,000 "
Goldfish Swim School Franchising LLC,Chris McCuiston,,"$750,000 - $1,500,000","$400,000 - $600,000","$50,000 "
Squeegee Squad,Jack Ruegsegger,,,"$3,000 - $25,000","$24,000 "
Interim HealthCare,Kathleen Gilmartin,Caring Brands Int'l.,"$250,000 - $450,000","$100,000 - $250,000","$48,000 "
National Property Inspections Inc.,Roland Bates,,,"$43,400 - $47,100","$34,900 "
L&L Hawaiian Barbecue,Eddie Flores,L&L Franchise Inc.,"$500,000 - $1,000,000","$300,000 - $1,000,000","$30,000 "
Pancheros Mexican Grill,Rodney Anderson,,"$750,000 ","$250,000 ","$30,000 "
HandyPro Int'l. LLC,Keith Paul,,"$200,000 ","$30,000 ","$9,500 "
Labor Finders,Jeffrey Burnett,,"$150,000 ","$35,000 ","$20,000 "
Great Harvest Franchising Inc.,Mike Ferretti,,"$90,000 - $100,000","$90,000 - $100,000","$38,000 "
The Spice & Tea Exchange,Amy Freeman,,"$200,000 ","$60,000 ","$37,750 "
Martinizing Dry Cleaning,Wayne Wudyka,Martinizing Int'l. LLC,"$500,000 ","$150,000 ","$69,500 "
Jantize America,Jerry Grawboski,Jantize America Inc.,"$25,000 ","$10,000 - $50,000","$5,900 "
Sharkey's Cuts For Kids,Scott Sharkey,Sharkey's Franchising Co.,,"$135,000 - $150,000","$96,995 "
Safe Ship,Richard Marsh,,"$15,000 ","$15,000 ","$19,900 "
Zerorez Franchising Systems Inc.,Jim Stone,,"$350,000 - $750,000","$100,000 - $500,000","$32,500 "
DKI,Charles Ebersole,DKI Ventures,,,"$20,000 "
fab'rik,Dana Spinola,,,"$50,000 ","$35,000 "
Fuzziwig's Candy Factory Inc.,Don Grueser,,"$400,000 ","$75,000 ","$30,000 "
Window Gang,Tim McCullen,,"$50,000 ","$50,000 ","$25,000 "
Tippi Toes Inc.,Sarah Nuse,,,"$15,000 ","$32,000 "
Pretzelmaker,Chris Dull,,"$250,000 ","$100,000 ","$15,000 "
Destination Athlete LLC,Doug Dickison,,"$25,000 ","$10,000 ","$20,000 "
The Exercise Coach,Brian Cygan,,"$500,000 - $10,000,000","$200,000 - $3,000,000","$37,500 "
V's Barbershop Franchise LLC,Jim Valenzuela,,"$400,000 ","$100,000 - $150,000","$30,000 "
MRINetwork,Jill Albrinck,CDI Corp.,"$300,000 ","$100,000 ","$40,000 "
D-BAT Academies Inc.,Cade Griffis,,"$300,000 - $5,000,000","$75,000 - $200,000","$35,000 "
Dryclean USA,Michael Steiner,EnviroStar Inc.,"$250,000 ","$100,000 - $125,000","$30,000 "
Taste of Mediterranean,Sam Hussein,,"$250,000 ","$100,000 ","$20,000 "
Above the Standard Procurement Group Inc.,Ted Landgraf,,"$100,000 ","$50,000 ","$49,900 "
Zoom Room,Mark Van Wye,,"$75,000 ","$75,000 ","$39,000 "
Sunbelt Business Brokers,John Davies,,"$150,000 ","$50,000 ","$17,250 "
Omega Learning Center,Kimberly Smith,,"$500,000 ","$100,000 ","$49,900 "
In Home Pet Services Inc.,Robyn Elman,,,,"$8,000 "
FirstLight HomeCare LLC,Jeff Bevis,,"$150,000 ","$75,000 ","$39,950 "
The Boardroom Salon for Men,Bruce Schultz,,"$400,000 ","$125,000 ","$35,000 "
Fastest Labs,David Claflin,Fas-Tes Franchise Systems LLC,"$100,000 - $150,000","$50,000 - $70,000","$35,000 "
Parisi Speed School,Dr. Paul Staples,,,"$20,000 ","$6,000 "
Senior Helpers,Peter Ross,,"$350,000 ","$100,000 ","$44,500 "
Glass Doctor,Mark Liston,Dwyer Group,"$100,000 ","$100,000 ","$35,000 "
Phenix Salon Suites Franchising LLC,Jason Rivera,,"$500,000 ","$200,000 ","$40,500 "
Assist-2-Sell,Mary Lameres,,,"$40,000 ","$14,500 "
AlphaGraphics,Aaron Grohs,Western Capital Resources,"$400,000 ","$150,000 ","$40,000 "
Any Lab Test Now,Clarissa Bradstock,,"$300,000 ","$50,000 ","$40,000 "
The Entrepreneur's Source,Art Coley,,"$199,000 ","$66,000 ","$45,000 "
ProSource Wholesale,Eric Bernstein,CCA Global,"$900,000 ","$200,000 ","$46,450 "
ARCpoint Labs,Felix Mirando,ARCpoint Franchise Group,"$350,000 ","$50,000 ","$49,500 "
Crown Trophy Inc.,Scott Kelly,Crown Trophy Inc.,"$50,000 - $1,000,000","$50,000 - $60,000","$35,000 "
Sir Speedy Print Signs Marketing,Don Lowe,Franchise Services Inc.,"$450,000 ","$125,000 - $175,000","$25,000 "
TapSnap,Scott McInnes,,,"$20,000 ","$17,500 "
BlueGrace Logistics,Robert Harris,,"$100,000 ","$100,000 ","$22,000 "
Yesco,Joshua Young,,"$250,000 ","$150,000 ","$50,000 "
Big O Tires LLC,Erik Olsen,TBC Corp.,"$300,000 ","$100,000 ","$30,000 "
Pro Martial Arts Franchise Corp.,Ed Samane,,"$350,000 ","$350,000 ","$49,000 "
Mad Science Group Inc.,Ariel Shlien,,,"$23,500 ","$23,500 "
The Melting Pot Restaurants Inc.,Bob Johnston,The Melting Pot Restaurants,"$750,000 ","$325,000 ","$47,000 "
1-800-Got-Junk?,Brian Scudamore,Rubbish Boys Disposal Service Inc.,"$30,000 - $50,000","$30,000 - $50,000","$128,000 "
Abrakadoodle,Alice Wong,,"$100,000 ","$50,000 ","$25,400 "
Valpak Direct Marketing Systems Inc.,Michael Vivio,Cox Enterprises,"$150,000 ","$75,000 ","$15,000 "
CPR-Cell Phone Repair,John Davies,,"$150,000 ","$85,000 ","$5,000 "
Hooters Restaurant,Terry Marks,,"$3,000,000 ","$1,500,000 ","$75,000 "
Pump It Up,Lee Knowlton,,"$500,000 ","$200,000 ","$30,000 "
Critter Control Inc.,Gene Iarocci,Critter Control Inc.,,,"$11,000 "
Comet Cleaners,Jack Godfrey Jr.,,"$200,000 ","$50,000 ","$15,000 "
Golden Krust Franchising Inc.,Lowell Hawthorne,,"$500,000 ","$150,000 ","$25,000 "
Office Pride Commercial Cleaning Services,Todd Hopkins,,"$50,000 ","$50,000 ","$29,900 "
Tuffy Associates Corp.,Roger Hill,Tuffy Associates Corp,"$250,000 ","$125,000 ","$25,000 "
Tiger-Rock Martial Arts,Bert Kollars,,,"$35,000 ","$25,000 "
Wingate by Wyndham,Geoff Ballotti,Wyndham Hotel Group,,,"$36,000 "
Maui Wowi Hawaiian Coffees & Smoothies,Mike Weinberger,,"$150,000 ","$50,000 - $150,000","$42,500 "
Qualicare,Brian Church,,"$250,000 ","$150,000 - $200,000","$39,700 "
Mr. Electric,Joel Worthington,,"$125,000 ","$45,000 ","$35,000 "
Enviro-Master Int'l. Franchise LLC,Patrick Swisher,,"$250,000 - $300,000","$250,000 - $300,000","$45,000 "
Good Feet Worldwide LLC,Matt Coleman,,"$250,000 ","$50,000 ","$25,000 "
Biggby Coffee,Bob Fish,,"$400,000 ","$70,000 ","$15,000 "
The Learning Experience Academy of Early Education,Richard Weissman,,"$500,000 ","$500,000 ","$60,000 "
Radisson,David Berg,Carlson Rezidor Hotel Group,,,"$75,000 "
Ledo Pizza,James Beall,,,,"$30,000 "
Pizza Factory Inc.,Mary Jane Riva,"Pizza Factory, Inc.","$250,000 ","$90,000 ","$25,000 "
Fresh Healthy Vending,Art Budman,Generation Next Franchise Brands,"$110,000 ","$22,000 - $41,160","$12,500 "
The Screenmobile,Scott Walker,,"$100,000 ","$50,000 ","$39,500 "
Del Taco LLC,Paul Murphy,Del Taco Restaurants Inc.,"$1,000,000 ","$500,000 ","$35,000 "
Sylvan Learning LLC,John McAuliffe,Educate Inc.,"$250,000 ","$75,000 ","$26,800 "
ABC Inc.,Gerald Beyers,"ABC Seamless, Inc.",,,"$12,000 "
Rent-A-Wreck,Jack Fitzgerald,Bundy American Corp.,"$250,000 ","$50,000 ","$18,000 "
Genius Kids,Renu Dhillon,Genius Kids Development Inc.,"$250,000 ","$250,000 ","$50,000 "
Surf City Squeeze,Stanley Ma,Kahala Franchising LLC,"$250,000 ","$100,000 ","$9,500 "
PrimoHoagies Franchising Inc.,Nicholas Papanier,,"$350,000 ","$100,000 ","$35,000 "
Liquid Capital Corp.,Brian Birnbaum,,"$300,000 ","$230,000 ","$55,000 "
Handyman Matters Franchise Inc.,Andy Bell,,"$175,000 ","$100,000 ","$20,000 "
Bruster's Real Ice Cream,Jim Sahene,,,"$80,000 - $200,000","$30,000 "
Nathan's Famous Inc.,Eric Gatoff,,"$500,000 ","$200,000 ","$30,000 "
Red Mango - Yogurt Cafe & Juice Bar,Jim Notarnicola,Brix Holdings LLC,"$350,000 ","$200,000 ","$30,000 "
Mr. Transmission/Milex Complete Auto Care,Barbara Moran-Goodrich,Moran Family of Brands,"$250,000 - $300,000","$60,000 ","$45,000 "
Robeks Fresh Juices & Smoothies,David Rawnsley,,"$500,000 ","$150,000 ","$25,000 "
Salons by JC,Steve Griffey,,"$1,000,000 ","$300,000 ","$45,000 "
FranNet,Jania Bailey,,,"$30,480 - $47,630","$15,000 "
uBreakiFix,Brynson Smith,,"$200,000 ","$100,000 ","$40,000 "
ACFN-The ATM Franchise Business,Jeffrey Kerr,,,"$50,000 ","$25,000 "
